{
    "Ar36": {
        "error": 0.00040066739759609624, 
        "filter_outliers_dict": {
            "filter_outliers": true, 
            "iterations": 1, 
            "std_devs": 2
        }, 
        "fit": "Linear", 
        "value": 0.006853391444862727
    }, 
    "Ar37": {
        "error": 0.02696696852005453, 
        "filter_outliers_dict": {
            "filter_outliers": true, 
            "iterations": 1, 
            "std_devs": 2
        }, 
        "fit": "linear", 
        "value": 0.12398292657713543
    }, 
    "Ar38": {
        "error": 0.008875333815929465, 
        "filter_outliers_dict": {
            "filter_outliers": true, 
            "iterations": 1, 
            "std_devs": 2
        }, 
        "fit": "linear", 
        "value": 0.15929667310146992
    }, 
    "Ar39": {
        "error": 0.034062684817482106, 
        "filter_outliers_dict": {
            "filter_outliers": true, 
            "iterations": 1, 
            "std_devs": 2
        }, 
        "fit": "Linear", 
        "value": 9.563989153899628
    }, 
    "Ar40": {
        "error": 0.1305785673150546, 
        "filter_outliers_dict": {
            "filter_outliers": true, 
            "iterations": 1, 
            "std_devs": 2
        }, 
        "fit": "Linear", 
        "value": 993.7690250484043
    }, 
    "Ar41": {
        "error": 0.006884132714864928, 
        "filter_outliers_dict": {
            "filter_outliers": true, 
            "iterations": 1, 
            "std_devs": 2
        }, 
        "fit": "Average", 
        "value": 0.11156661830648246
    }
}