{
    "Ar36": {
        "error": 0.000471496595583951, 
        "filter_outliers_dict": {
            "filter_outliers": true, 
            "iterations": 1, 
            "std_devs": 2
        }, 
        "fit": "Linear", 
        "value": 0.006679810427442583
    }, 
    "Ar37": {
        "error": 0.024119152351875065, 
        "filter_outliers_dict": {
            "filter_outliers": true, 
            "iterations": 1, 
            "std_devs": 2
        }, 
        "fit": "linear", 
        "value": 0.1587575211960746
    }, 
    "Ar38": {
        "error": 0.011246359892871736, 
        "filter_outliers_dict": {
            "filter_outliers": true, 
            "iterations": 1, 
            "std_devs": 2
        }, 
        "fit": "linear", 
        "value": 0.2945098375285847
    }, 
    "Ar39": {
        "error": 0.027934943221340106, 
        "filter_outliers_dict": {
            "filter_outliers": true, 
            "iterations": 1, 
            "std_devs": 2
        }, 
        "fit": "Linear", 
        "value": 15.1036567106356
    }, 
    "Ar40": {
        "error": 0.2407927242110425, 
        "filter_outliers_dict": {
            "filter_outliers": true, 
            "iterations": 1, 
            "std_devs": 2
        }, 
        "fit": "Linear", 
        "value": 2671.572918671921
    }, 
    "Ar41": {
        "error": 0.008541715731182125, 
        "filter_outliers_dict": {
            "filter_outliers": true, 
            "iterations": 1, 
            "std_devs": 2
        }, 
        "fit": "Average", 
        "value": 0.17413111903202022
    }
}