{
    "Ar36": {
        "error": 0.0003892169317453151, 
        "filter_outliers_dict": {
            "filter_outliers": true, 
            "iterations": 1, 
            "std_devs": 2
        }, 
        "fit": "Linear", 
        "value": 0.005130600216475311
    }, 
    "Ar37": {
        "error": 0.017668435785060773, 
        "filter_outliers_dict": {
            "filter_outliers": true, 
            "iterations": 1, 
            "std_devs": 2
        }, 
        "fit": "linear", 
        "value": 0.16559013384505744
    }, 
    "Ar38": {
        "error": 0.011385818831470077, 
        "filter_outliers_dict": {
            "filter_outliers": true, 
            "iterations": 1, 
            "std_devs": 2
        }, 
        "fit": "linear", 
        "value": 0.10723387534151768
    }, 
    "Ar39": {
        "error": 0.028997381918909413, 
        "filter_outliers_dict": {
            "filter_outliers": true, 
            "iterations": 1, 
            "std_devs": 2
        }, 
        "fit": "Linear", 
        "value": 7.471148632906121
    }, 
    "Ar40": {
        "error": 0.11101903534671813, 
        "filter_outliers_dict": {
            "filter_outliers": true, 
            "iterations": 1, 
            "std_devs": 2
        }, 
        "fit": "Linear", 
        "value": 732.8889721554077
    }, 
    "Ar41": {
        "error": 0.005924392983273705, 
        "filter_outliers_dict": {
            "filter_outliers": true, 
            "iterations": 1, 
            "std_devs": 2
        }, 
        "fit": "Average", 
        "value": 0.12157923715371959
    }
}