{
    "Ar36": {
        "error": 0.020040614852074843, 
        "fit": "Parabolic", 
        "value": 3.6504475295632131
    }, 
    "Ar37": {
        "error": 0.11002179141322835, 
        "fit": "linear", 
        "value": -0.014343498456384822
    }, 
    "Ar38": {
        "error": 0.10590345702809933, 
        "fit": "linear", 
        "value": 0.6211321381518875
    }, 
    "Ar39": {
        "error": 0.056830321403786237, 
        "fit": "Parabolic", 
        "value": -0.053009383469376024
    }, 
    "Ar40": {
        "error": 0.36113016908758838, 
        "fit": "Parabolic", 
        "value": 1113.4011923733667
    }, 
    "Ar41": {
        "error": 0.097778473248353079, 
        "fit": "linear", 
        "value": 0.013670145210623659
    }
}