{
    "Ar36": {
        "error": 0.021297283288515552, 
        "fit": "Parabolic", 
        "value": 3.6567031270686687
    }, 
    "Ar37": {
        "error": 0.11873617349183074, 
        "fit": "linear", 
        "value": 0.011240491693665111
    }, 
    "Ar38": {
        "error": 0.10136202275228799, 
        "fit": "linear", 
        "value": 0.60038663082142363
    }, 
    "Ar39": {
        "error": 0.054337825821902754, 
        "fit": "Parabolic", 
        "value": -0.06180353277327133
    }, 
    "Ar40": {
        "error": 0.34498906716821193, 
        "fit": "Parabolic", 
        "value": 1115.8695385530898
    }, 
    "Ar41": {
        "error": 0.10660504145497361, 
        "fit": "linear", 
        "value": 0.010003982451307618
    }
}