{
    "Ar36": {
        "error": 0.0028061613494911493, 
        "fit": "Parabolic", 
        "value": 0.061557203972990991
    }, 
    "Ar37": {
        "error": 0.13273732476493208, 
        "fit": "linear", 
        "value": 15.858018899661165
    }, 
    "Ar38": {
        "error": 0.10877619845627073, 
        "fit": "linear", 
        "value": 0.17791652439980071
    }, 
    "Ar39": {
        "error": 0.065389710636828677, 
        "fit": "Parabolic", 
        "value": 21.416178062067736
    }, 
    "Ar40": {
        "error": 0.11611672892292625, 
        "fit": "Parabolic", 
        "value": 33.12276119733999
    }, 
    "Ar41": {
        "error": 0.099986916672308412, 
        "fit": "linear", 
        "value": -0.012530447498543863
    }
}