{
    "Ar36": {
        "error": 0.006749119275151998, 
        "fit": "Parabolic", 
        "value": 0.38163677934699725
    }, 
    "Ar37": {
        "error": 0.16353489527282333, 
        "fit": "linear", 
        "value": 127.44225761651056
    }, 
    "Ar38": {
        "error": 0.10048908922480601, 
        "fit": "linear", 
        "value": 0.66759231444977729
    }, 
    "Ar39": {
        "error": 0.075862668992688662, 
        "fit": "Parabolic", 
        "value": 50.273250693375509
    }, 
    "Ar40": {
        "error": 0.14518297277142894, 
        "fit": "Parabolic", 
        "value": 138.05424126739825
    }, 
    "Ar41": {
        "error": 0.11090969256935718, 
        "fit": "linear", 
        "value": 0.0088058128001925699
    }
}